INSERT INTO public.orgs (id,created_at,updated_at,name,description,email,phone,address_line1,address_line2,city,region,region_code,postal_code,company,country,country_code,currency_code) VALUES ('66846373-a5d3-47d0-b3e4-14501fd22722', '2025-03-21 00:37:59.164209+00', '2025-03-21 00:37:59.164209+00', 'Kenco', 'Kenco Warehouse - Fullfillment Center', 'contact@kenco.com', '555-8765-4321', '456 Tech Blvd', 'Floor 12', 'Seattle', 'Washington', 'WA', '98101', 'Kenco', 'United States', 'US', 'USD'), ('4cdc83cb-87a1-4862-90ff-8b915d1a49f3', '2025-03-21 00:37:59.164209+00', '2025-03-21 00:37:59.164209+00', 'Shift', 'Shift Warehouse - Fullfillment Center', 'contact@shift.com', '555-8765-4321', '456 Tech Blvd', 'Floor 12', 'Seattle', 'Washington', 'WA', '98101', 'Shift', 'United States', 'US', 'USD');
INSERT INTO public.customers (id,org_id,name,email,phone,address,city,region,region_code,country,country_code,postal_code,created_at,updated_at) VALUES ('f0bd2021-9567-4055-a3fb-42f94ee6cb7c', '66846373-a5d3-47d0-b3e4-14501fd22722', 'Coca-Cola', 'wholesale@coca-cola.com', '555-123-4567', '5055 Coca Cola Ave', 'Atlanta', 'Georgia', 'GA', 'United States', 'US', '30301', '2025-03-21 01:30:00.000000+00', '2025-03-21 01:30:00.000000+00'), ('382f6a4c-c8e6-46b1-91ae-1312290ca6b9', '66846373-a5d3-47d0-b3e4-14501fd22722', 'Doritos', 'wholesale@doritos.com', '555-987-6543', 'One Doritos Drive', 'Beaverton', 'Oregon', 'OR', 'United States', 'US', '97005', '2025-03-21 01:31:00.000000+00', '2025-03-21 01:31:00.000000+00'), ('981bb377-85cd-4623-a153-e8015dd14af3', '66846373-a5d3-47d0-b3e4-14501fd22722', 'Altoids', 'wholesale@altoids.com', '555-111-2222', '1020 Altoids Ave', 'Baltimore', 'Maryland', 'MD', 'United States', 'US', '21230', '2025-03-21 01:34:00.000000+00', '2025-03-21 01:34:00.000000+00'), ('4cfc0af6-8a24-480c-8d44-1c4323464fe7', '4cdc83cb-87a1-4862-90ff-8b915d1a49f3', '5 Gum', 'wholesale@5gum.com', '555-567-8901', '5 Gum Ave', 'Boston', 'Massachusetts', 'MA', 'United States', 'US', '02210', '2025-03-21 01:32:00.000000+00', '2025-03-21 01:32:00.000000+00'), ('d4929df2-4413-472e-af66-b2b92f676233', '4cdc83cb-87a1-4862-90ff-8b915d1a49f3', 'Kellogg', 'wholesale@kellogg.com', '555-456-7890', '123 Kellogg Ave', 'San Francisco', 'California', 'CA', 'United States', 'US', '94105', '2025-03-21 01:33:00.000000+00', '2025-03-21 01:33:00.000000+00'), ('437360a0-e0b2-4a53-966f-a4584d2c4e2c', '4cdc83cb-87a1-4862-90ff-8b915d1a49f3', 'Heinz', 'wholesale@heinz.com', '555-333-4444', '100 Heinz Ave', 'Toronto', 'Ontario', 'ON', 'Canada', 'CA', 'M5H 2N2', '2025-03-21 01:35:00.000000+00', '2025-03-21 01:35:00.000000+00');
INSERT INTO public.products (id,org_id,customer_id,status,name,description,price,inventory_quantity,image,category,sku,restock_threshold,created_at,updated_at) VALUES ('5d93725c-dc81-4c61-9430-494b4e4bc5ce', '66846373-a5d3-47d0-b3e4-14501fd22722', 'f0bd2021-9567-4055-a3fb-42f94ee6cb7c', 'draft', 'Coke Classic - 355mL Can', 'Classic Coca-Cola in 355mL aluminum can', 1.99, 99, 'coke-classic-355ml-can.jpg', 'Soda', 'CC-CLS-355', 100, '2024-03-21 01:00:00.000000+00', '2024-03-21 01:00:00.000000+00'), ('e778be06-c132-4800-aaaf-c815031726b9', '66846373-a5d3-47d0-b3e4-14501fd22722', 'f0bd2021-9567-4055-a3fb-42f94ee6cb7c', 'draft', 'Coke Zero - 355mL Can', 'Zero sugar Coca-Cola in 355mL aluminum can', 1.99, 275, 'coke-zero-355ml-can.jpg', 'Soda', 'CC-ZRO-355', 75, '2024-03-21 02:00:00.000000+00', '2024-03-21 02:00:00.000000+00'), ('8628af77-466c-444c-9212-a9dedb92aa39', '66846373-a5d3-47d0-b3e4-14501fd22722', 'f0bd2021-9567-4055-a3fb-42f94ee6cb7c', 'draft', 'Diet Coke - 355mL Can', 'Diet Coca-Cola in 355mL aluminum can', 1.99, 290, 'diet-coke-355ml-can.jpg', 'Soda', 'CC-DIT-355', 85, '2024-03-21 02:30:00.000000+00', '2024-03-21 02:30:00.000000+00'), ('4f5d7b9d-3f65-4634-8b5f-862cebe5df55', '66846373-a5d3-47d0-b3e4-14501fd22722', 'f0bd2021-9567-4055-a3fb-42f94ee6cb7c', 'active', 'Coke Classic - 710mL Bottle', 'Classic Coca-Cola in 710mL plastic bottle', 2.49, 59, 'coke-classic-710ml-bottle.jpg', 'Soda', 'CC-CLS-710', 60, '2024-03-21 02:45:00.000000+00', '2024-03-21 02:45:00.000000+00'), ('24783b98-7ceb-4225-ab06-9321e0b448d7', '66846373-a5d3-47d0-b3e4-14501fd22722', 'f0bd2021-9567-4055-a3fb-42f94ee6cb7c', 'draft', 'Coke Zero - 710mL Bottle', 'Zero sugar Coca-Cola in 710mL plastic bottle', 2.49, 180, 'coke-zero-710ml-bottle.jpg', 'Soda', 'CC-ZRO-710', 50, '2024-03-21 02:50:00.000000+00', '2024-03-21 02:50:00.000000+00'), ('f920bca6-3aeb-4b02-8314-3da423830130', '66846373-a5d3-47d0-b3e4-14501fd22722', 'f0bd2021-9567-4055-a3fb-42f94ee6cb7c', 'archived', 'Diet Coke - 710mL Bottle', 'Diet Coca-Cola in 710mL plastic bottle', 2.49, 195, 'diet-coke-710ml-bottle.jpg', 'Soda', 'CC-DIT-710', 50, '2024-03-21 02:55:00.000000+00', '2024-03-21 02:55:00.000000+00'), ('918205b0-d025-40a9-8918-14344660593c', '66846373-a5d3-47d0-b3e4-14501fd22722', 'f0bd2021-9567-4055-a3fb-42f94ee6cb7c', 'draft', 'Coke Classic - 2L Bottle', 'Classic Coca-Cola in 2L plastic bottle', 3.99, 150, 'coke-classic-2l-bottle.jpg', 'Soda', 'CC-CLS-2L', 40, '2024-03-21 03:00:00.000000+00', '2024-03-21 03:00:00.000000+00'), ('e73b48b6-0aa8-4eca-96c7-66ff5a17b3a1', '66846373-a5d3-47d0-b3e4-14501fd22722', 'f0bd2021-9567-4055-a3fb-42f94ee6cb7c', 'active', 'Coke Zero - 2L Bottle', 'Zero sugar Coca-Cola in 2L plastic bottle', 3.99, 125, 'coke-zero-2l-bottle.jpg', 'Soda', 'CC-ZRO-2L', 30, '2024-03-21 03:05:00.000000+00', '2024-03-21 03:05:00.000000+00'), ('aff9ad01-debb-40d0-8265-df15ce15660c', '66846373-a5d3-47d0-b3e4-14501fd22722', 'f0bd2021-9567-4055-a3fb-42f94ee6cb7c', 'archived', 'Diet Coke - 2L Bottle', 'Diet Coca-Cola in 2L plastic bottle', 3.99, 140, 'diet-coke-2l-bottle.jpg', 'Soda', 'CC-DIT-2L', 35, '2024-03-21 03:10:00.000000+00', '2024-03-21 03:10:00.000000+00'), ('bcf4df73-9d8a-44cd-849e-4b6b4095dbab', '66846373-a5d3-47d0-b3e4-14501fd22722', '382f6a4c-c8e6-46b1-91ae-1312290ca6b9', 'draft', 'Doritos Nacho Cheese', 'Bold nacho cheese flavored tortilla chips', 4.99, 120, 'doritos-nacho-cheese.jpg', 'Chips', 'DR-NCH-001', 35, '2024-03-21 03:15:00.000000+00', '2024-03-21 03:15:00.000000+00'), ('114588cb-0812-4942-93b0-1fb054d01bcd', '66846373-a5d3-47d0-b3e4-14501fd22722', '382f6a4c-c8e6-46b1-91ae-1312290ca6b9', 'active', 'Doritos Cool Ranch', 'Cool ranch flavored tortilla chips', 4.99, 29, 'doritos-cool-ranch.jpg', 'Chips', 'DR-RCH-002', 30, '2024-03-21 03:20:00.000000+00', '2024-03-21 03:20:00.000000+00'), ('557d96d0-6d00-4fd9-9242-4e1cab66c95c', '66846373-a5d3-47d0-b3e4-14501fd22722', '382f6a4c-c8e6-46b1-91ae-1312290ca6b9', 'draft', 'Doritos Spicy Sweet Chili', 'Sweet and spicy chili flavored tortilla chips', 4.99, 80, 'doritos-spicy-sweet-chili.jpg', 'Chips', 'DR-CHI-003', 25, '2024-03-21 03:25:00.000000+00', '2024-03-21 03:25:00.000000+00'), ('e3a49d9f-ef20-437d-8368-f1240ef23f4a', '66846373-a5d3-47d0-b3e4-14501fd22722', '382f6a4c-c8e6-46b1-91ae-1312290ca6b9', 'active', 'Doritos Flamin'' Hot', 'Extra spicy flavored tortilla chips', 4.99, 85, 'doritos-flamin-hot.jpg', 'Chips', 'DR-HOT-004', 25, '2024-03-21 03:30:00.000000+00', '2024-03-21 03:30:00.000000+00'), ('c3345038-5b1c-4781-b0ed-fc9b0a9d18a4', '66846373-a5d3-47d0-b3e4-14501fd22722', '382f6a4c-c8e6-46b1-91ae-1312290ca6b9', 'archived', 'Doritos Spicy Nacho', 'Spicy nacho cheese flavored tortilla chips', 4.99, 19, 'doritos-spicy-nacho.jpg', 'Chips', 'DR-SNC-005', 20, '2024-03-21 03:35:00.000000+00', '2024-03-21 03:35:00.000000+00'), ('1513c6b4-4ac1-452e-afa9-ccec349fec47', '66846373-a5d3-47d0-b3e4-14501fd22722', '382f6a4c-c8e6-46b1-91ae-1312290ca6b9', 'archived', 'Doritos Tapatío', 'Tapatío hot sauce flavored tortilla chips', 4.99, 19, 'doritos-tapat-o.jpg', 'Chips', 'DR-TAP-006', 20, '2024-03-21 03:40:00.000000+00', '2024-03-21 03:40:00.000000+00'), ('b2baf6e3-f096-4cb9-85d1-e00113c1bddb', '66846373-a5d3-47d0-b3e4-14501fd22722', '382f6a4c-c8e6-46b1-91ae-1312290ca6b9', 'active', 'Doritos Blaze', 'Extremely spicy flavored tortilla chips', 4.99, 60, 'doritos-blaze.jpg', 'Chips', 'DR-BLZ-007', 15, '2024-03-21 03:45:00.000000+00', '2024-03-21 03:45:00.000000+00'), ('ec8e8ca0-c10b-4249-8a87-9a3f7d3dca39', '66846373-a5d3-47d0-b3e4-14501fd22722', '981bb377-85cd-4623-a153-e8015dd14af3', 'draft', 'Altoids Peppermint', 'Curiously strong peppermint mints in classic tin', 2.99, 29, 'altoids-peppermint.jpg', 'Mints', 'ALT-PEP-001', 30, '2024-03-21 03:50:00.000000+00', '2024-03-21 03:50:00.000000+00'), ('2096aa60-84e5-483f-93f1-9a5e80e17332', '66846373-a5d3-47d0-b3e4-14501fd22722', '981bb377-85cd-4623-a153-e8015dd14af3', 'active', 'Altoids Wintergreen', 'Curiously strong wintergreen mints in classic tin', 2.99, 95, 'altoids-wintergreen.jpg', 'Mints', 'ALT-WIN-002', 25, '2024-03-21 03:55:00.000000+00', '2024-03-21 03:55:00.000000+00'), ('abedc172-3f5a-4fa0-acc1-37bff0558eca', '66846373-a5d3-47d0-b3e4-14501fd22722', '981bb377-85cd-4623-a153-e8015dd14af3', 'archived', 'Altoids Spearmint', 'Curiously strong spearmint mints in classic tin', 2.99, 85, 'altoids-spearmint.jpg', 'Mints', 'ALT-SPR-003', 20, '2024-03-21 04:00:00.000000+00', '2024-03-21 04:00:00.000000+00'), ('98219a7d-8760-4f7a-aae7-a13c4175135b', '66846373-a5d3-47d0-b3e4-14501fd22722', '981bb377-85cd-4623-a153-e8015dd14af3', 'archived', 'Altoids Cinnamon', 'Curiously strong cinnamon mints in classic tin', 2.99, 19, 'altoids-cinnamon.jpg', 'Mints', 'ALT-CIN-004', 20, '2024-03-21 04:05:00.000000+00', '2024-03-21 04:05:00.000000+00'), ('236ae064-0f2b-49ae-a430-9be6e4731457', '66846373-a5d3-47d0-b3e4-14501fd22722', '981bb377-85cd-4623-a153-e8015dd14af3', 'active', 'Altoids Arctic Peppermint', 'Extra cool sugar-free peppermint mints in small tin', 2.49, 65, 'altoids-arctic-peppermint.jpg', 'Mints', 'ALT-ARP-005', 15, '2024-03-21 04:10:00.000000+00', '2024-03-21 04:10:00.000000+00'), ('460f6156-5301-49ae-8080-1366132fd31a', '66846373-a5d3-47d0-b3e4-14501fd22722', '981bb377-85cd-4623-a153-e8015dd14af3', 'active', 'Altoids Arctic Wintergreen', 'Extra cool sugar-free wintergreen mints in small tin', 2.49, 55, 'altoids-arctic-wintergreen.jpg', 'Mints', 'ALT-ARW-006', 15, '2024-03-21 04:15:00.000000+00', '2024-03-21 04:15:00.000000+00'), ('0efd8c03-0e2d-4f10-a00c-2bf3c9a024aa', '4cdc83cb-87a1-4862-90ff-8b915d1a49f3', '4cfc0af6-8a24-480c-8d44-1c4323464fe7', 'draft', '5 Gum Peppermint Menthe Cobalt', 'Peppermint flavored sugar-free gum in blue packaging', 1.79, 120, '5-gum-peppermint-menthe-cobalt.jpg', 'Gum', '5G-COB-001', 40, '2024-03-21 04:20:00.000000+00', '2024-03-21 04:20:00.000000+00'), ('7131f075-8b88-4407-a863-54f3d2bc05ce', '4cdc83cb-87a1-4862-90ff-8b915d1a49f3', '4cfc0af6-8a24-480c-8d44-1c4323464fe7', 'archived', '5 Gum Spearmint Rain', 'Spearmint flavored sugar-free gum in green packaging', 1.79, 34, '5-gum-spearmint-rain.jpg', 'Gum', '5G-RAN-002', 35, '2024-03-21 04:25:00.000000+00', '2024-03-21 04:25:00.000000+00'), ('6f537b56-d4ff-4c71-91a4-20e2c1b9c5fd', '4cdc83cb-87a1-4862-90ff-8b915d1a49f3', '4cfc0af6-8a24-480c-8d44-1c4323464fe7', 'active', '5 Gum Watermelon Prism', 'Watermelon flavored sugar-free gum in pink packaging', 1.79, 95, '5-gum-watermelon-prism.jpg', 'Gum', '5G-PRI-003', 30, '2024-03-21 04:30:00.000000+00', '2024-03-21 04:30:00.000000+00'), ('654984fc-3e7e-4e09-b9f4-12d315c154a0', '4cdc83cb-87a1-4862-90ff-8b915d1a49f3', '4cfc0af6-8a24-480c-8d44-1c4323464fe7', 'archived', '5 Gum Blueberry Rush', 'Blueberry flavored sugar-free gum in purple packaging', 1.79, 24, '5-gum-blueberry-rush.jpg', 'Gum', '5G-RUS-004', 25, '2024-03-21 04:35:00.000000+00', '2024-03-21 04:35:00.000000+00'), ('6d8bd6db-f6c4-4153-80eb-e5c759a4f485', '4cdc83cb-87a1-4862-90ff-8b915d1a49f3', '4cfc0af6-8a24-480c-8d44-1c4323464fe7', 'archived', '5 Gum Wintermint Ascent', 'Wintermint flavored sugar-free gum in silver packaging', 1.79, 90, '5-gum-wintermint-ascent.jpg', 'Gum', '5G-ASC-005', 30, '2024-03-21 04:40:00.000000+00', '2024-03-21 04:40:00.000000+00'), ('e3bb862d-037f-4916-9047-425947f3e830', '4cdc83cb-87a1-4862-90ff-8b915d1a49f3', '4cfc0af6-8a24-480c-8d44-1c4323464fe7', 'draft', '5 Gum React 2.0 Mint', 'Intense mint flavored sugar-free gum in black packaging', 1.79, 24, '5-gum-react-2-0-mint.jpg', 'Gum', '5G-REA-006', 25, '2024-03-21 04:45:00.000000+00', '2024-03-21 04:45:00.000000+00'), ('08ee12bc-d720-4f5b-bf50-d435fe6c5221', '4cdc83cb-87a1-4862-90ff-8b915d1a49f3', '4cfc0af6-8a24-480c-8d44-1c4323464fe7', 'draft', '5 Gum Strawberry Flood', 'Strawberry flavored sugar-free gum in red packaging', 1.79, 65, '5-gum-strawberry-flood.jpg', 'Gum', '5G-FLO-007', 20, '2024-03-21 04:50:00.000000+00', '2024-03-21 04:50:00.000000+00'), ('73058974-5c55-44c7-b6d6-e0cbfe684fe5', '4cdc83cb-87a1-4862-90ff-8b915d1a49f3', '4cfc0af6-8a24-480c-8d44-1c4323464fe7', 'archived', '5 Gum Watermelon Tempest', 'Sour watermelon flavored sugar-free gum in teal packaging', 1.79, 60, '5-gum-watermelon-tempest.jpg', 'Gum', '5G-TEM-008', 20, '2024-03-21 04:55:00.000000+00', '2024-03-21 04:55:00.000000+00'), ('7e4f18ef-6de7-4b34-abc8-b5ddbfb73f64', '4cdc83cb-87a1-4862-90ff-8b915d1a49f3', 'd4929df2-4413-472e-af66-b2b92f676233', 'archived', 'Corn Flakes', 'Original toasted corn flake cereal', 4.29, 85, 'corn-flakes.jpg', 'Cereal', 'KEL-CF-001', 25, '2024-03-21 04:55:00.000000+00', '2024-03-21 04:55:00.000000+00'), ('6637f360-4cad-46ba-8bd2-17c8482284a6', '4cdc83cb-87a1-4862-90ff-8b915d1a49f3', 'd4929df2-4413-472e-af66-b2b92f676233', 'active', 'Frosted Flakes', 'Sugar frosted corn flake cereal', 4.49, 95, 'frosted-flakes.jpg', 'Cereal', 'KEL-FF-002', 30, '2024-03-21 05:00:00.000000+00', '2024-03-21 05:00:00.000000+00'), ('8bf404c7-b039-4612-94f4-93e76cf79075', '4cdc83cb-87a1-4862-90ff-8b915d1a49f3', 'd4929df2-4413-472e-af66-b2b92f676233', 'archived', 'Rice Krispies', 'Crispy rice cereal that snaps, crackles and pops', 4.29, 24, 'rice-krispies.jpg', 'Cereal', 'KEL-RK-003', 25, '2024-03-21 05:05:00.000000+00', '2024-03-21 05:05:00.000000+00'), ('a6cec3ac-fa64-42fc-95db-0ee6b98a71bd', '4cdc83cb-87a1-4862-90ff-8b915d1a49f3', 'd4929df2-4413-472e-af66-b2b92f676233', 'draft', 'Froot Loops', 'Colorful fruit-flavored sweetened cereal rings', 4.49, 80, 'froot-loops.jpg', 'Cereal', 'KEL-FL-004', 25, '2024-03-21 05:10:00.000000+00', '2024-03-21 05:10:00.000000+00'), ('bfa18cd5-51f4-4e9e-8b7a-27d2d7541c5d', '4cdc83cb-87a1-4862-90ff-8b915d1a49f3', 'd4929df2-4413-472e-af66-b2b92f676233', 'active', 'Special K', 'Lightly toasted rice cereal flakes', 4.79, 70, 'special-k.jpg', 'Cereal', 'KEL-SK-005', 20, '2024-03-21 05:15:00.000000+00', '2024-03-21 05:15:00.000000+00'), ('0869f7a1-27ea-4a8b-8b20-7ac48cad0ab0', '4cdc83cb-87a1-4862-90ff-8b915d1a49f3', 'd4929df2-4413-472e-af66-b2b92f676233', 'draft', 'Raisin Bran', 'Wheat bran flakes with raisins', 4.49, 19, 'raisin-bran.jpg', 'Cereal', 'KEL-RB-006', 20, '2024-03-21 05:20:00.000000+00', '2024-03-21 05:20:00.000000+00'), ('26fdadaf-987e-458b-a875-1de391bf4859', '4cdc83cb-87a1-4862-90ff-8b915d1a49f3', 'd4929df2-4413-472e-af66-b2b92f676233', 'draft', 'Krave - Chocolate', 'Chocolate-filled multigrain cereal pieces', 4.99, 60, 'krave-chocolate.jpg', 'Cereal', 'KEL-KR-007', 15, '2024-03-21 05:25:00.000000+00', '2024-03-21 05:25:00.000000+00'), ('153e78f7-f754-4b2c-856c-a348d103d394', '4cdc83cb-87a1-4862-90ff-8b915d1a49f3', 'd4929df2-4413-472e-af66-b2b92f676233', 'archived', 'Mini-Wheats', 'Frosted whole grain wheat cereal biscuits', 4.69, 55, 'mini-wheats.jpg', 'Cereal', 'KEL-MW-008', 15, '2024-03-21 05:30:00.000000+00', '2024-03-21 05:30:00.000000+00'), ('5f209c77-eb0e-4c9c-895c-1d5181b75026', '4cdc83cb-87a1-4862-90ff-8b915d1a49f3', 'd4929df2-4413-472e-af66-b2b92f676233', 'active', 'Pop-Tarts - Strawberry', 'Strawberry filled toaster pastries', 3.99, 29, 'pop-tarts-strawberry.jpg', 'Pastry', 'KEL-PTS-009', 30, '2024-03-21 05:35:00.000000+00', '2024-03-21 05:35:00.000000+00'), ('a033383c-0b0e-46d6-a247-7788ef8f73ab', '4cdc83cb-87a1-4862-90ff-8b915d1a49f3', 'd4929df2-4413-472e-af66-b2b92f676233', 'draft', 'Pop-Tarts - Chocolate', 'Chocolate filled toaster pastries', 3.99, 24, 'pop-tarts-chocolate.jpg', 'Pastry', 'KEL-PTC-010', 25, '2024-03-21 05:40:00.000000+00', '2024-03-21 05:40:00.000000+00'), ('3e558862-99b8-4400-aae4-886277e2e722', '4cdc83cb-87a1-4862-90ff-8b915d1a49f3', 'd4929df2-4413-472e-af66-b2b92f676233', 'draft', 'Pop-Tarts - Brown Sugar Cinnamon', 'Brown sugar cinnamon filled toaster pastries', 3.99, 70, 'pop-tarts-brown-sugar-cinnamon.jpg', 'Pastry', 'KEL-PTB-011', 20, '2024-03-21 05:45:00.000000+00', '2024-03-21 05:45:00.000000+00'), ('46e47f22-2743-45aa-85e8-91a03b6b72a1', '4cdc83cb-87a1-4862-90ff-8b915d1a49f3', 'd4929df2-4413-472e-af66-b2b92f676233', 'active', 'Eggo Waffles', 'Frozen homestyle waffles', 3.49, 65, 'eggo-waffles.jpg', 'Frozen', 'KEL-EGG-012', 20, '2024-03-21 05:50:00.000000+00', '2024-03-21 05:50:00.000000+00'), ('7854bb73-5d39-4709-b980-5474eef35e00', '4cdc83cb-87a1-4862-90ff-8b915d1a49f3', '437360a0-e0b2-4a53-966f-a4584d2c4e2c', 'active', 'Heinz Tomato Ketchup', 'Classic tomato ketchup in signature bottle', 3.99, 110, 'heinz-tomato-ketchup.jpg', 'Condiment', 'HNZ-KTC-001', 35, '2024-03-21 05:55:00.000000+00', '2024-03-21 05:55:00.000000+00'), ('d23de0b2-1d99-4adc-bd53-81354b3adb2d', '4cdc83cb-87a1-4862-90ff-8b915d1a49f3', '437360a0-e0b2-4a53-966f-a4584d2c4e2c', 'draft', 'Heinz Yellow Mustard', 'Classic yellow mustard in squeeze bottle', 2.99, 24, 'heinz-yellow-mustard.jpg', 'Condiment', 'HNZ-MUS-002', 25, '2024-03-21 05:55:00.000000+00', '2024-03-21 05:55:00.000000+00'), ('3da1ae11-a77b-4ffa-8b70-f46a44fedc20', '4cdc83cb-87a1-4862-90ff-8b915d1a49f3', '437360a0-e0b2-4a53-966f-a4584d2c4e2c', 'archived', 'Heinz Mayonnaise', 'Creamy mayonnaise in squeeze bottle', 3.79, 70, 'heinz-mayonnaise.jpg', 'Condiment', 'HNZ-MAY-003', 20, '2024-03-21 06:00:00.000000+00', '2024-03-21 06:00:00.000000+00'), ('a8fdbf63-ec93-44bf-a666-5ce770982d2c', '4cdc83cb-87a1-4862-90ff-8b915d1a49f3', '437360a0-e0b2-4a53-966f-a4584d2c4e2c', 'archived', 'Heinz Barbecue Sauce', 'Original BBQ sauce in bottle', 3.49, 65, 'heinz-barbecue-sauce.jpg', 'Condiment', 'HNZ-BBQ-004', 20, '2024-03-21 06:05:00.000000+00', '2024-03-21 06:05:00.000000+00'), ('a4970cce-3c01-4f14-9eea-0fbdf7cb1ece', '4cdc83cb-87a1-4862-90ff-8b915d1a49f3', '437360a0-e0b2-4a53-966f-a4584d2c4e2c', 'active', 'Heinz Relish', 'Sweet pickle relish in squeeze bottle', 2.89, 14, 'heinz-relish.jpg', 'Condiment', 'HNZ-REL-005', 15, '2024-03-21 06:10:00.000000+00', '2024-03-21 06:10:00.000000+00');
INSERT INTO public.orders (id,org_id,product_id,order_number,notes,fulfillment_status,quantity,total,created_at,updated_at) VALUES ('21a9f7ef-c191-4035-83b2-3069ae5014d1', '66846373-a5d3-47d0-b3e4-14501fd22722', '5d93725c-dc81-4c61-9430-494b4e4bc5ce', 1001, 'Caret et loco propteris placeat morat hostis anime.', 'fulfilled', 120, 238.8, '2024-03-21 08:00:00.000000+00', '2024-03-21 08:00:00.000000+00'), ('e4ba032d-a232-416d-b933-747d599f7d7a', '66846373-a5d3-47d0-b3e4-14501fd22722', 'e778be06-c132-4800-aaaf-c815031726b9', 1002, 'Perii ita poris conetiam alter suum.', 'fulfilled', 80, 159.2, '2024-03-21 08:15:00.000000+00', '2024-03-21 08:15:00.000000+00'), ('5158413f-9ac6-48f0-aee8-5490d8dccfb2', '66846373-a5d3-47d0-b3e4-14501fd22722', '918205b0-d025-40a9-8918-14344660593c', 1003, 'Haec ophistorum morbis odum em praesenim odum viderire.', 'pending', 50, 199.5, '2024-03-21 08:30:00.000000+00', '2024-03-21 08:30:00.000000+00'), ('6e0b8a42-be42-4fa4-99f3-3cb66519b3d4', '66846373-a5d3-47d0-b3e4-14501fd22722', '4f5d7b9d-3f65-4634-8b5f-862cebe5df55', 1004, 'Munitur ei quidem consolut ut, cognostris maioribus et conclusum saepe contra constringeniis accusanda.', 'fulfilled', 60, 149.4, '2024-03-21 08:45:00.000000+00', '2024-03-21 08:45:00.000000+00'), ('0c423787-fde4-45cc-90dd-a7c87dc78f17', '66846373-a5d3-47d0-b3e4-14501fd22722', 'bcf4df73-9d8a-44cd-849e-4b6b4095dbab', 1005, 'Ea eturi fortas voluptatur exignoris malivola vicinerir, untur successervat quo quibus praesenim.', 'fulfilled', 45, 224.55, '2024-03-21 09:00:00.000000+00', '2024-03-21 09:00:00.000000+00'), ('a9d1d5ab-3255-4ab2-96b1-4b052e1d8308', '66846373-a5d3-47d0-b3e4-14501fd22722', '114588cb-0812-4942-93b0-1fb054d01bcd', 1006, 'Probabit ut caleritat omnemo et, audiam iucunde gusta satissimis afferri.', 'pending', 30, 149.7, '2024-03-21 09:15:00.000000+00', '2024-03-21 09:15:00.000000+00'), ('6fd449ee-e741-4eb7-a699-983f9659a917', '66846373-a5d3-47d0-b3e4-14501fd22722', 'e3a49d9f-ef20-437d-8368-f1240ef23f4a', 1007, 'Te notae det statuamus tamendarum nihil quid tantum.', 'fulfilled', 25, 124.75, '2024-03-21 09:30:00.000000+00', '2024-03-21 09:30:00.000000+00'), ('e8fe3d02-bf4a-4c43-b1cf-1d93e55cf130', '66846373-a5d3-47d0-b3e4-14501fd22722', 'ec8e8ca0-c10b-4249-8a87-9a3f7d3dca39', 1008, 'Carum expectanta rationes perfunctio efficit inflammater am, possit laudatem videtur sapienum nostrum perturpis est.', 'fulfilled', 40, 119.6, '2024-03-21 10:00:00.000000+00', '2024-03-21 10:00:00.000000+00'), ('47a9adfb-5ccc-4044-a704-2604782abbd9', '66846373-a5d3-47d0-b3e4-14501fd22722', '98219a7d-8760-4f7a-aae7-a13c4175135b', 1009, 'Etiam mediocris tria ipsumus are sequatur eum, vacillum consul ferrent cum entum.', 'cancelled', 20, 59.8, '2024-03-21 10:15:00.000000+00', '2024-03-21 10:15:00.000000+00'), ('34548643-7c50-4b41-b477-a10dab59fd8c', '4cdc83cb-87a1-4862-90ff-8b915d1a49f3', '0efd8c03-0e2d-4f10-a00c-2bf3c9a024aa', 1010, 'Voluptatem torquem misere aliquid terminus, sine hoc quibus omne longinquit eorum et iudicura.', 'fulfilled', 60, 107.4, '2024-03-21 11:00:00.000000+00', '2024-03-21 11:00:00.000000+00'), ('4be44057-8100-4fc3-8ced-e9423fd8b2fc', '4cdc83cb-87a1-4862-90ff-8b915d1a49f3', '7131f075-8b88-4407-a863-54f3d2bc05ce', 1011, 'Impedienus quo ut a summum sempercipiet, es iam pacem probarbitrar ine quibus susceperius.', 'pending', 45, 80.55, '2024-03-21 11:15:00.000000+00', '2024-03-21 11:15:00.000000+00'), ('90a019a7-4f03-4862-90f5-8befa2916b0c', '4cdc83cb-87a1-4862-90ff-8b915d1a49f3', '654984fc-3e7e-4e09-b9f4-12d315c154a0', 1012, 'Omne minus eos possunt cum quae se meminitaq.', 'fulfilled', 35, 62.65, '2024-03-21 11:30:00.000000+00', '2024-03-21 11:30:00.000000+00'), ('ef917808-5562-4bc5-aeef-eb9ee8d3c89e', '4cdc83cb-87a1-4862-90ff-8b915d1a49f3', 'e3bb862d-037f-4916-9047-425947f3e830', 1013, 'Mundus in sed minus sanguinem, non quibus ferre quae aut.', 'fulfilled', 40, 71.6, '2024-03-21 11:45:00.000000+00', '2024-03-21 11:45:00.000000+00'), ('6e8e49b5-925a-421f-8253-e204dfa2959c', '4cdc83cb-87a1-4862-90ff-8b915d1a49f3', '7e4f18ef-6de7-4b34-abc8-b5ddbfb73f64', 1014, 'Sit locus uta ut eturalios quibus.', 'fulfilled', 30, 128.7, '2024-03-22 08:00:00.000000+00', '2024-03-22 08:00:00.000000+00'), ('c63504c0-3e08-4f9c-a27e-1f14ac9a7a2b', '4cdc83cb-87a1-4862-90ff-8b915d1a49f3', '6637f360-4cad-46ba-8bd2-17c8482284a6', 1015, 'Nihil voluptatem deserabun ex diutur severem dam.', 'pending', 25, 112.25, '2024-03-22 08:15:00.000000+00', '2024-03-22 08:15:00.000000+00'), ('87ee39b7-8dde-47a3-b307-4d7482b34a64', '4cdc83cb-87a1-4862-90ff-8b915d1a49f3', '5f209c77-eb0e-4c9c-895c-1d5181b75026', 1016, 'Sempertur erea amicitur rudem quo.', 'fulfilled', 35, 139.65, '2024-03-22 08:30:00.000000+00', '2024-03-22 08:30:00.000000+00'), ('93f2e07a-91d8-440f-900e-209b4f725f6e', '4cdc83cb-87a1-4862-90ff-8b915d1a49f3', '46e47f22-2743-45aa-85e8-91a03b6b72a1', 1017, 'Abunt oderet et ultatem splendideros bonae consolvantur non, etureum vitam pronunt et veniatur feram gravissimae es.', 'fulfilled', 40, 139.6, '2024-03-22 08:45:00.000000+00', '2024-03-22 08:45:00.000000+00'), ('9bc57a37-63ba-4bf3-8510-5c7b2b4c1062', '4cdc83cb-87a1-4862-90ff-8b915d1a49f3', '7854bb73-5d39-4709-b980-5474eef35e00', 1018, 'Alest vetere inporistip graecum ita laborem dolor, non expetentur consecur et ita illa.', 'fulfilled', 50, 199.5, '2024-03-22 09:00:00.000000+00', '2024-03-22 09:00:00.000000+00'), ('82be2f74-ee70-45db-9832-7f0eaea7473e', '4cdc83cb-87a1-4862-90ff-8b915d1a49f3', '3da1ae11-a77b-4ffa-8b70-f46a44fedc20', 1019, 'A detractis ipsam non deseret versam stoicis.', 'pending', 30, 113.7, '2024-03-22 09:15:00.000000+00', '2024-03-22 09:15:00.000000+00'), ('5c315376-9c68-48a1-a2d6-f954f15aa717', '4cdc83cb-87a1-4862-90ff-8b915d1a49f3', 'd23de0b2-1d99-4adc-bd53-81354b3adb2d', 1020, 'Sed sint deditus qualesto or.', 'cancelled', 25, 74.75, '2024-03-22 09:30:00.000000+00', '2024-03-22 09:30:00.000000+00');
SELECT setval('"public"."order_number_seq"'::regclass, (SELECT MAX("order_number") FROM "public"."orders"));
