INSERT INTO public.orgs (id,created_at,updated_at,name,description,email,phone,address_line1,address_line2,city,region,region_code,postal_code,company,country,country_code,currency_code) VALUES ('00de28e0-6ee8-4802-a491-b8da284ab749', '2025-03-21 00:37:59.164209+00', '2025-03-21 00:37:59.164209+00', 'Kenco', 'Kenco Warehouse - Fullfillment Center', 'contact@kenco.com', '555-8765-4321', '456 Tech Blvd', 'Floor 12', 'Seattle', 'Washington', 'WA', '98101', 'Kenco', 'United States', 'US', 'USD'), ('34e8472e-dcac-45be-8fb2-c97da9c5a930', '2025-03-21 00:37:59.164209+00', '2025-03-21 00:37:59.164209+00', 'Shift', 'Shift Warehouse - Fullfillment Center', 'contact@shift.com', '555-8765-4321', '456 Tech Blvd', 'Floor 12', 'Seattle', 'Washington', 'WA', '98101', 'Shift', 'United States', 'US', 'USD');
INSERT INTO public.customers (id,org_id,name,email,phone,address,city,region,region_code,country,country_code,postal_code,created_at,updated_at) VALUES ('0f80567f-8e91-47b8-9cc1-8b40756eaf5e', '00de28e0-6ee8-4802-a491-b8da284ab749', 'Coca-Cola', 'wholesale@coca-cola.com', '555-123-4567', '5055 Coca Cola Ave', 'Atlanta', 'Georgia', 'GA', 'United States', 'US', '30301', '2025-03-21 01:30:00.000000+00', '2025-03-21 01:30:00.000000+00'), ('f9316f62-44df-4bac-97da-af8bebda4ed6', '00de28e0-6ee8-4802-a491-b8da284ab749', 'Doritos', 'wholesale@doritos.com', '555-987-6543', 'One Doritos Drive', 'Beaverton', 'Oregon', 'OR', 'United States', 'US', '97005', '2025-03-21 01:31:00.000000+00', '2025-03-21 01:31:00.000000+00'), ('1e0ad9ec-38d2-451d-9208-2e980b7ea87d', '00de28e0-6ee8-4802-a491-b8da284ab749', 'Altoids', 'wholesale@altoids.com', '555-111-2222', '1020 Altoids Ave', 'Baltimore', 'Maryland', 'MD', 'United States', 'US', '21230', '2025-03-21 01:34:00.000000+00', '2025-03-21 01:34:00.000000+00'), ('2d6c59e6-0a7a-4cef-90ee-d80d7a7e7b0c', '34e8472e-dcac-45be-8fb2-c97da9c5a930', '5 Gum', 'wholesale@5gum.com', '555-567-8901', '5 Gum Ave', 'Boston', 'Massachusetts', 'MA', 'United States', 'US', '02210', '2025-03-21 01:32:00.000000+00', '2025-03-21 01:32:00.000000+00'), ('aaffdccf-a811-4a66-b80a-f367238f13c7', '34e8472e-dcac-45be-8fb2-c97da9c5a930', 'Kellogg', 'wholesale@kellogg.com', '555-456-7890', '123 Kellogg Ave', 'San Francisco', 'California', 'CA', 'United States', 'US', '94105', '2025-03-21 01:33:00.000000+00', '2025-03-21 01:33:00.000000+00'), ('7279a317-9f75-4046-a661-d5c1e7b93596', '34e8472e-dcac-45be-8fb2-c97da9c5a930', 'Heinz', 'wholesale@heinz.com', '555-333-4444', '100 Heinz Ave', 'Toronto', 'Ontario', 'ON', 'Canada', 'CA', 'M5H 2N2', '2025-03-21 01:35:00.000000+00', '2025-03-21 01:35:00.000000+00');
INSERT INTO public.products (id,org_id,customer_id,status,name,description,price,inventory_quantity,image,category,sku,restock_threshold,created_at,updated_at) VALUES ('10e12b55-08e9-4d81-b18d-fe3573ac2f3b', '00de28e0-6ee8-4802-a491-b8da284ab749', '0f80567f-8e91-47b8-9cc1-8b40756eaf5e', 'draft', 'Coke Classic - 355mL Can', 'Classic Coca-Cola in 355mL aluminum can', 1.99, 99, 'coke-classic-355ml-can.jpg', 'Soda', 'CC-CLS-355', 100, '2024-03-21 01:00:00.000000+00', '2024-03-21 01:00:00.000000+00'), ('348f52db-3e80-4f09-8231-431b70b13b40', '00de28e0-6ee8-4802-a491-b8da284ab749', '0f80567f-8e91-47b8-9cc1-8b40756eaf5e', 'draft', 'Coke Zero - 355mL Can', 'Zero sugar Coca-Cola in 355mL aluminum can', 1.99, 275, 'coke-zero-355ml-can.jpg', 'Soda', 'CC-ZRO-355', 75, '2024-03-21 02:00:00.000000+00', '2024-03-21 02:00:00.000000+00'), ('c47f0e09-9b6b-41f8-bb2b-fe9aabeb1615', '00de28e0-6ee8-4802-a491-b8da284ab749', '0f80567f-8e91-47b8-9cc1-8b40756eaf5e', 'draft', 'Diet Coke - 355mL Can', 'Diet Coca-Cola in 355mL aluminum can', 1.99, 290, 'diet-coke-355ml-can.jpg', 'Soda', 'CC-DIT-355', 85, '2024-03-21 02:30:00.000000+00', '2024-03-21 02:30:00.000000+00'), ('71883b6e-c3e3-4955-9c79-8e21e40d3ff0', '00de28e0-6ee8-4802-a491-b8da284ab749', '0f80567f-8e91-47b8-9cc1-8b40756eaf5e', 'active', 'Coke Classic - 710mL Bottle', 'Classic Coca-Cola in 710mL plastic bottle', 2.49, 59, 'coke-classic-710ml-bottle.jpg', 'Soda', 'CC-CLS-710', 60, '2024-03-21 02:45:00.000000+00', '2024-03-21 02:45:00.000000+00'), ('9314c335-3987-4d1a-91b0-3b4fc41395b4', '00de28e0-6ee8-4802-a491-b8da284ab749', '0f80567f-8e91-47b8-9cc1-8b40756eaf5e', 'draft', 'Coke Zero - 710mL Bottle', 'Zero sugar Coca-Cola in 710mL plastic bottle', 2.49, 180, 'coke-zero-710ml-bottle.jpg', 'Soda', 'CC-ZRO-710', 50, '2024-03-21 02:50:00.000000+00', '2024-03-21 02:50:00.000000+00'), ('34ebc940-e18c-4d77-8069-afea33f3ecda', '00de28e0-6ee8-4802-a491-b8da284ab749', '0f80567f-8e91-47b8-9cc1-8b40756eaf5e', 'archived', 'Diet Coke - 710mL Bottle', 'Diet Coca-Cola in 710mL plastic bottle', 2.49, 195, 'diet-coke-710ml-bottle.jpg', 'Soda', 'CC-DIT-710', 50, '2024-03-21 02:55:00.000000+00', '2024-03-21 02:55:00.000000+00'), ('83d524e3-9688-4947-993a-edf160f32926', '00de28e0-6ee8-4802-a491-b8da284ab749', '0f80567f-8e91-47b8-9cc1-8b40756eaf5e', 'draft', 'Coke Classic - 2L Bottle', 'Classic Coca-Cola in 2L plastic bottle', 3.99, 150, 'coke-classic-2l-bottle.jpg', 'Soda', 'CC-CLS-2L', 40, '2024-03-21 03:00:00.000000+00', '2024-03-21 03:00:00.000000+00'), ('ed481b33-ef49-472d-9a16-8f0d3e8288e4', '00de28e0-6ee8-4802-a491-b8da284ab749', '0f80567f-8e91-47b8-9cc1-8b40756eaf5e', 'active', 'Coke Zero - 2L Bottle', 'Zero sugar Coca-Cola in 2L plastic bottle', 3.99, 125, 'coke-zero-2l-bottle.jpg', 'Soda', 'CC-ZRO-2L', 30, '2024-03-21 03:05:00.000000+00', '2024-03-21 03:05:00.000000+00'), ('513f3607-9ac6-47da-80d8-0b2b1e91a97c', '00de28e0-6ee8-4802-a491-b8da284ab749', '0f80567f-8e91-47b8-9cc1-8b40756eaf5e', 'archived', 'Diet Coke - 2L Bottle', 'Diet Coca-Cola in 2L plastic bottle', 3.99, 140, 'diet-coke-2l-bottle.jpg', 'Soda', 'CC-DIT-2L', 35, '2024-03-21 03:10:00.000000+00', '2024-03-21 03:10:00.000000+00'), ('40b25dea-6990-443f-9636-44ad9d0530db', '00de28e0-6ee8-4802-a491-b8da284ab749', 'f9316f62-44df-4bac-97da-af8bebda4ed6', 'draft', 'Doritos Nacho Cheese', 'Bold nacho cheese flavored tortilla chips', 4.99, 120, 'doritos-nacho-cheese.jpg', 'Chips', 'DR-NCH-001', 35, '2024-03-21 03:15:00.000000+00', '2024-03-21 03:15:00.000000+00'), ('72f3b85b-c577-4b03-836f-73fafaec24e4', '00de28e0-6ee8-4802-a491-b8da284ab749', 'f9316f62-44df-4bac-97da-af8bebda4ed6', 'active', 'Doritos Cool Ranch', 'Cool ranch flavored tortilla chips', 4.99, 29, 'doritos-cool-ranch.jpg', 'Chips', 'DR-RCH-002', 30, '2024-03-21 03:20:00.000000+00', '2024-03-21 03:20:00.000000+00'), ('1d9207b9-eb5b-4e51-b0b8-c53b99dd4f2c', '00de28e0-6ee8-4802-a491-b8da284ab749', 'f9316f62-44df-4bac-97da-af8bebda4ed6', 'draft', 'Doritos Spicy Sweet Chili', 'Sweet and spicy chili flavored tortilla chips', 4.99, 80, 'doritos-spicy-sweet-chili.jpg', 'Chips', 'DR-CHI-003', 25, '2024-03-21 03:25:00.000000+00', '2024-03-21 03:25:00.000000+00'), ('f843b6e3-b6d6-495d-8379-ef8508f16cb5', '00de28e0-6ee8-4802-a491-b8da284ab749', 'f9316f62-44df-4bac-97da-af8bebda4ed6', 'active', 'Doritos Flamin'' Hot', 'Extra spicy flavored tortilla chips', 4.99, 85, 'doritos-flamin-hot.jpg', 'Chips', 'DR-HOT-004', 25, '2024-03-21 03:30:00.000000+00', '2024-03-21 03:30:00.000000+00'), ('a233472c-7550-4fb4-aab2-22f235041d45', '00de28e0-6ee8-4802-a491-b8da284ab749', 'f9316f62-44df-4bac-97da-af8bebda4ed6', 'archived', 'Doritos Spicy Nacho', 'Spicy nacho cheese flavored tortilla chips', 4.99, 19, 'doritos-spicy-nacho.jpg', 'Chips', 'DR-SNC-005', 20, '2024-03-21 03:35:00.000000+00', '2024-03-21 03:35:00.000000+00'), ('96586eac-2a2b-4b93-b3dc-2a9477e62d02', '00de28e0-6ee8-4802-a491-b8da284ab749', 'f9316f62-44df-4bac-97da-af8bebda4ed6', 'archived', 'Doritos Tapatío', 'Tapatío hot sauce flavored tortilla chips', 4.99, 19, 'doritos-tapat-o.jpg', 'Chips', 'DR-TAP-006', 20, '2024-03-21 03:40:00.000000+00', '2024-03-21 03:40:00.000000+00'), ('ef7ac1b6-8d66-43e8-8b97-991e732234ee', '00de28e0-6ee8-4802-a491-b8da284ab749', 'f9316f62-44df-4bac-97da-af8bebda4ed6', 'active', 'Doritos Blaze', 'Extremely spicy flavored tortilla chips', 4.99, 60, 'doritos-blaze.jpg', 'Chips', 'DR-BLZ-007', 15, '2024-03-21 03:45:00.000000+00', '2024-03-21 03:45:00.000000+00'), ('4b41567d-3809-49cb-9a6b-5692da45b134', '00de28e0-6ee8-4802-a491-b8da284ab749', '1e0ad9ec-38d2-451d-9208-2e980b7ea87d', 'draft', 'Altoids Peppermint', 'Curiously strong peppermint mints in classic tin', 2.99, 29, 'altoids-peppermint.jpg', 'Mints', 'ALT-PEP-001', 30, '2024-03-21 03:50:00.000000+00', '2024-03-21 03:50:00.000000+00'), ('2af45ae4-4593-4ba0-bcf3-44970bf5151a', '00de28e0-6ee8-4802-a491-b8da284ab749', '1e0ad9ec-38d2-451d-9208-2e980b7ea87d', 'active', 'Altoids Wintergreen', 'Curiously strong wintergreen mints in classic tin', 2.99, 95, 'altoids-wintergreen.jpg', 'Mints', 'ALT-WIN-002', 25, '2024-03-21 03:55:00.000000+00', '2024-03-21 03:55:00.000000+00'), ('846cdadd-3c6a-4355-adda-a122de767431', '00de28e0-6ee8-4802-a491-b8da284ab749', '1e0ad9ec-38d2-451d-9208-2e980b7ea87d', 'archived', 'Altoids Spearmint', 'Curiously strong spearmint mints in classic tin', 2.99, 85, 'altoids-spearmint.jpg', 'Mints', 'ALT-SPR-003', 20, '2024-03-21 04:00:00.000000+00', '2024-03-21 04:00:00.000000+00'), ('01df89ca-076a-4fcd-88ca-3adbaa21e63d', '00de28e0-6ee8-4802-a491-b8da284ab749', '1e0ad9ec-38d2-451d-9208-2e980b7ea87d', 'archived', 'Altoids Cinnamon', 'Curiously strong cinnamon mints in classic tin', 2.99, 19, 'altoids-cinnamon.jpg', 'Mints', 'ALT-CIN-004', 20, '2024-03-21 04:05:00.000000+00', '2024-03-21 04:05:00.000000+00'), ('c6336b25-a376-4645-9a8d-fddbb5844aa3', '00de28e0-6ee8-4802-a491-b8da284ab749', '1e0ad9ec-38d2-451d-9208-2e980b7ea87d', 'active', 'Altoids Arctic Peppermint', 'Extra cool sugar-free peppermint mints in small tin', 2.49, 65, 'altoids-arctic-peppermint.jpg', 'Mints', 'ALT-ARP-005', 15, '2024-03-21 04:10:00.000000+00', '2024-03-21 04:10:00.000000+00'), ('3fb9ec68-1e37-4eb2-86b6-5b40e877903b', '00de28e0-6ee8-4802-a491-b8da284ab749', '1e0ad9ec-38d2-451d-9208-2e980b7ea87d', 'active', 'Altoids Arctic Wintergreen', 'Extra cool sugar-free wintergreen mints in small tin', 2.49, 55, 'altoids-arctic-wintergreen.jpg', 'Mints', 'ALT-ARW-006', 15, '2024-03-21 04:15:00.000000+00', '2024-03-21 04:15:00.000000+00'), ('f1773d90-cce5-495d-85ee-442a8278c7c4', '34e8472e-dcac-45be-8fb2-c97da9c5a930', '2d6c59e6-0a7a-4cef-90ee-d80d7a7e7b0c', 'draft', '5 Gum Peppermint Menthe Cobalt', 'Peppermint flavored sugar-free gum in blue packaging', 1.79, 120, '5-gum-peppermint-menthe-cobalt.jpg', 'Gum', '5G-COB-001', 40, '2024-03-21 04:20:00.000000+00', '2024-03-21 04:20:00.000000+00'), ('0a499786-140d-4b56-85c1-2b7192533dc9', '34e8472e-dcac-45be-8fb2-c97da9c5a930', '2d6c59e6-0a7a-4cef-90ee-d80d7a7e7b0c', 'archived', '5 Gum Spearmint Rain', 'Spearmint flavored sugar-free gum in green packaging', 1.79, 34, '5-gum-spearmint-rain.jpg', 'Gum', '5G-RAN-002', 35, '2024-03-21 04:25:00.000000+00', '2024-03-21 04:25:00.000000+00'), ('895d76ad-d378-46a5-bb11-dc056923e9da', '34e8472e-dcac-45be-8fb2-c97da9c5a930', '2d6c59e6-0a7a-4cef-90ee-d80d7a7e7b0c', 'active', '5 Gum Watermelon Prism', 'Watermelon flavored sugar-free gum in pink packaging', 1.79, 95, '5-gum-watermelon-prism.jpg', 'Gum', '5G-PRI-003', 30, '2024-03-21 04:30:00.000000+00', '2024-03-21 04:30:00.000000+00'), ('6ab0543f-5d93-489b-a896-16248300b466', '34e8472e-dcac-45be-8fb2-c97da9c5a930', '2d6c59e6-0a7a-4cef-90ee-d80d7a7e7b0c', 'archived', '5 Gum Blueberry Rush', 'Blueberry flavored sugar-free gum in purple packaging', 1.79, 24, '5-gum-blueberry-rush.jpg', 'Gum', '5G-RUS-004', 25, '2024-03-21 04:35:00.000000+00', '2024-03-21 04:35:00.000000+00'), ('9b101788-9e31-441b-a0b5-998256ccaf5b', '34e8472e-dcac-45be-8fb2-c97da9c5a930', '2d6c59e6-0a7a-4cef-90ee-d80d7a7e7b0c', 'archived', '5 Gum Wintermint Ascent', 'Wintermint flavored sugar-free gum in silver packaging', 1.79, 90, '5-gum-wintermint-ascent.jpg', 'Gum', '5G-ASC-005', 30, '2024-03-21 04:40:00.000000+00', '2024-03-21 04:40:00.000000+00'), ('2e4ad1a4-71fa-4bcb-a62e-7077429f5e50', '34e8472e-dcac-45be-8fb2-c97da9c5a930', '2d6c59e6-0a7a-4cef-90ee-d80d7a7e7b0c', 'draft', '5 Gum React 2.0 Mint', 'Intense mint flavored sugar-free gum in black packaging', 1.79, 24, '5-gum-react-2-0-mint.jpg', 'Gum', '5G-REA-006', 25, '2024-03-21 04:45:00.000000+00', '2024-03-21 04:45:00.000000+00'), ('d6088497-5dad-4f98-97e8-07562ad0c8ba', '34e8472e-dcac-45be-8fb2-c97da9c5a930', '2d6c59e6-0a7a-4cef-90ee-d80d7a7e7b0c', 'draft', '5 Gum Strawberry Flood', 'Strawberry flavored sugar-free gum in red packaging', 1.79, 65, '5-gum-strawberry-flood.jpg', 'Gum', '5G-FLO-007', 20, '2024-03-21 04:50:00.000000+00', '2024-03-21 04:50:00.000000+00'), ('2a3cbeec-4a14-4c50-8a44-82b5986ca97d', '34e8472e-dcac-45be-8fb2-c97da9c5a930', '2d6c59e6-0a7a-4cef-90ee-d80d7a7e7b0c', 'archived', '5 Gum Watermelon Tempest', 'Sour watermelon flavored sugar-free gum in teal packaging', 1.79, 60, '5-gum-watermelon-tempest.jpg', 'Gum', '5G-TEM-008', 20, '2024-03-21 04:55:00.000000+00', '2024-03-21 04:55:00.000000+00'), ('bf5c8c26-7681-4250-9d04-7d5987ec8c71', '34e8472e-dcac-45be-8fb2-c97da9c5a930', 'aaffdccf-a811-4a66-b80a-f367238f13c7', 'archived', 'Corn Flakes', 'Original toasted corn flake cereal', 4.29, 85, 'corn-flakes.jpg', 'Cereal', 'KEL-CF-001', 25, '2024-03-21 04:55:00.000000+00', '2024-03-21 04:55:00.000000+00'), ('a3d206ce-786d-401f-93f3-40c3b4a17e56', '34e8472e-dcac-45be-8fb2-c97da9c5a930', 'aaffdccf-a811-4a66-b80a-f367238f13c7', 'active', 'Frosted Flakes', 'Sugar frosted corn flake cereal', 4.49, 95, 'frosted-flakes.jpg', 'Cereal', 'KEL-FF-002', 30, '2024-03-21 05:00:00.000000+00', '2024-03-21 05:00:00.000000+00'), ('0931baad-1d1d-4fa1-9102-81db3ba76933', '34e8472e-dcac-45be-8fb2-c97da9c5a930', 'aaffdccf-a811-4a66-b80a-f367238f13c7', 'archived', 'Rice Krispies', 'Crispy rice cereal that snaps, crackles and pops', 4.29, 24, 'rice-krispies.jpg', 'Cereal', 'KEL-RK-003', 25, '2024-03-21 05:05:00.000000+00', '2024-03-21 05:05:00.000000+00'), ('5e5a4593-a07f-406f-88c7-fe674860bcf0', '34e8472e-dcac-45be-8fb2-c97da9c5a930', 'aaffdccf-a811-4a66-b80a-f367238f13c7', 'draft', 'Froot Loops', 'Colorful fruit-flavored sweetened cereal rings', 4.49, 80, 'froot-loops.jpg', 'Cereal', 'KEL-FL-004', 25, '2024-03-21 05:10:00.000000+00', '2024-03-21 05:10:00.000000+00'), ('07a442fe-eb6c-4aad-8280-4dec95484193', '34e8472e-dcac-45be-8fb2-c97da9c5a930', 'aaffdccf-a811-4a66-b80a-f367238f13c7', 'active', 'Special K', 'Lightly toasted rice cereal flakes', 4.79, 70, 'special-k.jpg', 'Cereal', 'KEL-SK-005', 20, '2024-03-21 05:15:00.000000+00', '2024-03-21 05:15:00.000000+00'), ('773da622-ef4f-4084-895c-63899f407f35', '34e8472e-dcac-45be-8fb2-c97da9c5a930', 'aaffdccf-a811-4a66-b80a-f367238f13c7', 'draft', 'Raisin Bran', 'Wheat bran flakes with raisins', 4.49, 19, 'raisin-bran.jpg', 'Cereal', 'KEL-RB-006', 20, '2024-03-21 05:20:00.000000+00', '2024-03-21 05:20:00.000000+00'), ('19d0507b-e121-444f-a4eb-c4a11aa6a3ae', '34e8472e-dcac-45be-8fb2-c97da9c5a930', 'aaffdccf-a811-4a66-b80a-f367238f13c7', 'draft', 'Krave - Chocolate', 'Chocolate-filled multigrain cereal pieces', 4.99, 60, 'krave-chocolate.jpg', 'Cereal', 'KEL-KR-007', 15, '2024-03-21 05:25:00.000000+00', '2024-03-21 05:25:00.000000+00'), ('55298950-129c-4831-be6e-d7d9bef454f0', '34e8472e-dcac-45be-8fb2-c97da9c5a930', 'aaffdccf-a811-4a66-b80a-f367238f13c7', 'archived', 'Mini-Wheats', 'Frosted whole grain wheat cereal biscuits', 4.69, 55, 'mini-wheats.jpg', 'Cereal', 'KEL-MW-008', 15, '2024-03-21 05:30:00.000000+00', '2024-03-21 05:30:00.000000+00'), ('8fd2cefa-5364-485a-9b8c-0c945eb9b507', '34e8472e-dcac-45be-8fb2-c97da9c5a930', 'aaffdccf-a811-4a66-b80a-f367238f13c7', 'active', 'Pop-Tarts - Strawberry', 'Strawberry filled toaster pastries', 3.99, 29, 'pop-tarts-strawberry.jpg', 'Pastry', 'KEL-PTS-009', 30, '2024-03-21 05:35:00.000000+00', '2024-03-21 05:35:00.000000+00'), ('a333d855-5951-4552-acaa-a4becf8f4cf4', '34e8472e-dcac-45be-8fb2-c97da9c5a930', 'aaffdccf-a811-4a66-b80a-f367238f13c7', 'draft', 'Pop-Tarts - Chocolate', 'Chocolate filled toaster pastries', 3.99, 24, 'pop-tarts-chocolate.jpg', 'Pastry', 'KEL-PTC-010', 25, '2024-03-21 05:40:00.000000+00', '2024-03-21 05:40:00.000000+00'), ('453f4247-1e1c-4b34-a436-6dbd51f95d86', '34e8472e-dcac-45be-8fb2-c97da9c5a930', 'aaffdccf-a811-4a66-b80a-f367238f13c7', 'draft', 'Pop-Tarts - Brown Sugar Cinnamon', 'Brown sugar cinnamon filled toaster pastries', 3.99, 70, 'pop-tarts-brown-sugar-cinnamon.jpg', 'Pastry', 'KEL-PTB-011', 20, '2024-03-21 05:45:00.000000+00', '2024-03-21 05:45:00.000000+00'), ('db79f4fb-0958-4867-8c40-7d53bebaff11', '34e8472e-dcac-45be-8fb2-c97da9c5a930', 'aaffdccf-a811-4a66-b80a-f367238f13c7', 'active', 'Eggo Waffles', 'Frozen homestyle waffles', 3.49, 65, 'eggo-waffles.jpg', 'Frozen', 'KEL-EGG-012', 20, '2024-03-21 05:50:00.000000+00', '2024-03-21 05:50:00.000000+00'), ('2aed150f-b7ec-4050-a4dc-e7bb8567c7d9', '34e8472e-dcac-45be-8fb2-c97da9c5a930', '7279a317-9f75-4046-a661-d5c1e7b93596', 'active', 'Heinz Tomato Ketchup', 'Classic tomato ketchup in signature bottle', 3.99, 110, 'heinz-tomato-ketchup.jpg', 'Condiment', 'HNZ-KTC-001', 35, '2024-03-21 05:55:00.000000+00', '2024-03-21 05:55:00.000000+00'), ('2c09ecdf-20b7-49a8-ad29-7ac581a4b470', '34e8472e-dcac-45be-8fb2-c97da9c5a930', '7279a317-9f75-4046-a661-d5c1e7b93596', 'draft', 'Heinz Yellow Mustard', 'Classic yellow mustard in squeeze bottle', 2.99, 24, 'heinz-yellow-mustard.jpg', 'Condiment', 'HNZ-MUS-002', 25, '2024-03-21 05:55:00.000000+00', '2024-03-21 05:55:00.000000+00'), ('28591c94-72d3-4d61-8205-82f8e2c6eb6b', '34e8472e-dcac-45be-8fb2-c97da9c5a930', '7279a317-9f75-4046-a661-d5c1e7b93596', 'archived', 'Heinz Mayonnaise', 'Creamy mayonnaise in squeeze bottle', 3.79, 70, 'heinz-mayonnaise.jpg', 'Condiment', 'HNZ-MAY-003', 20, '2024-03-21 06:00:00.000000+00', '2024-03-21 06:00:00.000000+00'), ('ff20b680-c88b-4714-844b-492e22ae61d6', '34e8472e-dcac-45be-8fb2-c97da9c5a930', '7279a317-9f75-4046-a661-d5c1e7b93596', 'archived', 'Heinz Barbecue Sauce', 'Original BBQ sauce in bottle', 3.49, 65, 'heinz-barbecue-sauce.jpg', 'Condiment', 'HNZ-BBQ-004', 20, '2024-03-21 06:05:00.000000+00', '2024-03-21 06:05:00.000000+00'), ('4ab09138-225f-40e7-9294-067e6365c099', '34e8472e-dcac-45be-8fb2-c97da9c5a930', '7279a317-9f75-4046-a661-d5c1e7b93596', 'active', 'Heinz Relish', 'Sweet pickle relish in squeeze bottle', 2.89, 14, 'heinz-relish.jpg', 'Condiment', 'HNZ-REL-005', 15, '2024-03-21 06:10:00.000000+00', '2024-03-21 06:10:00.000000+00');
INSERT INTO public.orders (id,org_id,product_id,order_number,notes,fulfillment_status,quantity,total,created_at,updated_at) VALUES ('b9d07043-4369-42f9-bf0f-8f072b16d7b9', '00de28e0-6ee8-4802-a491-b8da284ab749', '10e12b55-08e9-4d81-b18d-fe3573ac2f3b', 1001, 'Caret et loco propteris placeat morat hostis anime.', 'fulfilled', 120, 238.8, '2024-03-21 08:00:00.000000+00', '2024-03-21 08:00:00.000000+00'), ('ce1fa855-04a7-4c78-811c-63ed6c5b4209', '00de28e0-6ee8-4802-a491-b8da284ab749', '348f52db-3e80-4f09-8231-431b70b13b40', 1002, 'Perii ita poris conetiam alter suum.', 'fulfilled', 80, 159.2, '2024-03-21 08:15:00.000000+00', '2024-03-21 08:15:00.000000+00'), ('8f74819e-678c-49d7-b85f-99fd473c4afd', '00de28e0-6ee8-4802-a491-b8da284ab749', '83d524e3-9688-4947-993a-edf160f32926', 1003, 'Haec ophistorum morbis odum em praesenim odum viderire.', 'pending', 50, 199.5, '2024-03-21 08:30:00.000000+00', '2024-03-21 08:30:00.000000+00'), ('4b11f7c2-4019-479f-942f-c9470ec02b17', '00de28e0-6ee8-4802-a491-b8da284ab749', '71883b6e-c3e3-4955-9c79-8e21e40d3ff0', 1004, 'Munitur ei quidem consolut ut, cognostris maioribus et conclusum saepe contra constringeniis accusanda.', 'fulfilled', 60, 149.4, '2024-03-21 08:45:00.000000+00', '2024-03-21 08:45:00.000000+00'), ('5fac69c2-f298-4c97-a0ad-be2113991c72', '00de28e0-6ee8-4802-a491-b8da284ab749', '40b25dea-6990-443f-9636-44ad9d0530db', 1005, 'Ea eturi fortas voluptatur exignoris malivola vicinerir, untur successervat quo quibus praesenim.', 'fulfilled', 45, 224.55, '2024-03-21 09:00:00.000000+00', '2024-03-21 09:00:00.000000+00'), ('ba68e15a-7c5a-43dc-94e5-613c187c37e0', '00de28e0-6ee8-4802-a491-b8da284ab749', '72f3b85b-c577-4b03-836f-73fafaec24e4', 1006, 'Probabit ut caleritat omnemo et, audiam iucunde gusta satissimis afferri.', 'pending', 30, 149.7, '2024-03-21 09:15:00.000000+00', '2024-03-21 09:15:00.000000+00'), ('db7d9e11-5923-4fe9-9d13-6f5d3b8229fb', '00de28e0-6ee8-4802-a491-b8da284ab749', 'f843b6e3-b6d6-495d-8379-ef8508f16cb5', 1007, 'Te notae det statuamus tamendarum nihil quid tantum.', 'fulfilled', 25, 124.75, '2024-03-21 09:30:00.000000+00', '2024-03-21 09:30:00.000000+00'), ('a2801365-10f0-44f9-898b-97a8ffec9804', '00de28e0-6ee8-4802-a491-b8da284ab749', '4b41567d-3809-49cb-9a6b-5692da45b134', 1008, 'Carum expectanta rationes perfunctio efficit inflammater am, possit laudatem videtur sapienum nostrum perturpis est.', 'fulfilled', 40, 119.6, '2024-03-21 10:00:00.000000+00', '2024-03-21 10:00:00.000000+00'), ('b4b617a1-1ddc-4836-b746-ba39f3e3cb94', '00de28e0-6ee8-4802-a491-b8da284ab749', '01df89ca-076a-4fcd-88ca-3adbaa21e63d', 1009, 'Etiam mediocris tria ipsumus are sequatur eum, vacillum consul ferrent cum entum.', 'cancelled', 20, 59.8, '2024-03-21 10:15:00.000000+00', '2024-03-21 10:15:00.000000+00'), ('c5d9786f-7d03-4746-845e-cf57f74e0f87', '34e8472e-dcac-45be-8fb2-c97da9c5a930', 'f1773d90-cce5-495d-85ee-442a8278c7c4', 1010, 'Voluptatem torquem misere aliquid terminus, sine hoc quibus omne longinquit eorum et iudicura.', 'fulfilled', 60, 107.4, '2024-03-21 11:00:00.000000+00', '2024-03-21 11:00:00.000000+00'), ('cc29df2d-4394-4782-8326-a729d3b2ed3b', '34e8472e-dcac-45be-8fb2-c97da9c5a930', '0a499786-140d-4b56-85c1-2b7192533dc9', 1011, 'Impedienus quo ut a summum sempercipiet, es iam pacem probarbitrar ine quibus susceperius.', 'pending', 45, 80.55, '2024-03-21 11:15:00.000000+00', '2024-03-21 11:15:00.000000+00'), ('610981d5-4e0d-48ec-bbba-f8123156101f', '34e8472e-dcac-45be-8fb2-c97da9c5a930', '6ab0543f-5d93-489b-a896-16248300b466', 1012, 'Omne minus eos possunt cum quae se meminitaq.', 'fulfilled', 35, 62.65, '2024-03-21 11:30:00.000000+00', '2024-03-21 11:30:00.000000+00'), ('93eabb84-3bfd-467d-a899-2a345980e3d2', '34e8472e-dcac-45be-8fb2-c97da9c5a930', '2e4ad1a4-71fa-4bcb-a62e-7077429f5e50', 1013, 'Mundus in sed minus sanguinem, non quibus ferre quae aut.', 'fulfilled', 40, 71.6, '2024-03-21 11:45:00.000000+00', '2024-03-21 11:45:00.000000+00'), ('54eb9e81-1430-4a3d-a71f-bd2e2eb022dd', '34e8472e-dcac-45be-8fb2-c97da9c5a930', 'bf5c8c26-7681-4250-9d04-7d5987ec8c71', 1014, 'Sit locus uta ut eturalios quibus.', 'fulfilled', 30, 128.7, '2024-03-22 08:00:00.000000+00', '2024-03-22 08:00:00.000000+00'), ('dfef9ead-fb79-4bac-9b81-5aac1b38de2f', '34e8472e-dcac-45be-8fb2-c97da9c5a930', 'a3d206ce-786d-401f-93f3-40c3b4a17e56', 1015, 'Nihil voluptatem deserabun ex diutur severem dam.', 'pending', 25, 112.25, '2024-03-22 08:15:00.000000+00', '2024-03-22 08:15:00.000000+00'), ('8a750d41-699f-4881-978d-e2bd2d191767', '34e8472e-dcac-45be-8fb2-c97da9c5a930', '8fd2cefa-5364-485a-9b8c-0c945eb9b507', 1016, 'Sempertur erea amicitur rudem quo.', 'fulfilled', 35, 139.65, '2024-03-22 08:30:00.000000+00', '2024-03-22 08:30:00.000000+00'), ('b90d2205-cdd8-4c28-83ce-ab4e734ff2cc', '34e8472e-dcac-45be-8fb2-c97da9c5a930', 'db79f4fb-0958-4867-8c40-7d53bebaff11', 1017, 'Abunt oderet et ultatem splendideros bonae consolvantur non, etureum vitam pronunt et veniatur feram gravissimae es.', 'fulfilled', 40, 139.6, '2024-03-22 08:45:00.000000+00', '2024-03-22 08:45:00.000000+00'), ('1eca1b3f-1015-4059-9088-6d7c98a2a344', '34e8472e-dcac-45be-8fb2-c97da9c5a930', '2aed150f-b7ec-4050-a4dc-e7bb8567c7d9', 1018, 'Alest vetere inporistip graecum ita laborem dolor, non expetentur consecur et ita illa.', 'fulfilled', 50, 199.5, '2024-03-22 09:00:00.000000+00', '2024-03-22 09:00:00.000000+00'), ('f1f2e94d-ef79-49bb-99a7-3bf9d371115b', '34e8472e-dcac-45be-8fb2-c97da9c5a930', '28591c94-72d3-4d61-8205-82f8e2c6eb6b', 1019, 'A detractis ipsam non deseret versam stoicis.', 'pending', 30, 113.7, '2024-03-22 09:15:00.000000+00', '2024-03-22 09:15:00.000000+00'), ('6a1ea7a1-1a57-4688-91b0-a9c57266f9d8', '34e8472e-dcac-45be-8fb2-c97da9c5a930', '2c09ecdf-20b7-49a8-ad29-7ac581a4b470', 1020, 'Sed sint deditus qualesto or.', 'cancelled', 25, 74.75, '2024-03-22 09:30:00.000000+00', '2024-03-22 09:30:00.000000+00');
SELECT setval('"public"."order_number_seq"'::regclass, (SELECT MAX("order_number") FROM "public"."orders"));
